"","ApplicantIncome","CoapplicantIncome","LoanAmount","Loan_Amount_Term","Credit_History"
"ApplicantIncome",1,-0.239020751252385,0.496036510086979,-0.0741187889751259,-0.011370712994218
"CoapplicantIncome",-0.239020751252385,1,0.266497996821295,-0.128827846835057,0.0380587662731989
"LoanAmount",0.496036510086979,0.266497996821295,1,0.06147423232493,-0.0344068108361986
"Loan_Amount_Term",-0.0741187889751259,-0.128827846835057,0.06147423232493,1,0.0152149559811445
"Credit_History",-0.011370712994218,0.0380587662731989,-0.0344068108361986,0.0152149559811445,1
